DROP TABLE IF EXISTS "answer";
CREATE TABLE "answer" ("id" INTEGER PRIMARY KEY  NOT NULL ,"textStringId" TEXT NOT NULL  DEFAULT (null), "question_id" INTEGER , "isCorrect" BOOL , FOREIGN KEY("question_id") REFERENCES question("id"));
INSERT INTO "answer" VALUES(1,'Wood',1,1);
INSERT INTO "answer" VALUES(2,'1900',1,0);
INSERT INTO "answer" VALUES(3,'1970',1,0);
INSERT INTO "answer" VALUES(4,'21 tons',2,1);
INSERT INTO "answer" VALUES(5,'72 tons',2,0);
INSERT INTO "answer" VALUES(6,'5 tons',2,0);
INSERT INTO "answer" VALUES(7,'Passengers',3,1);
INSERT INTO "answer" VALUES(8,'Coal',3,0);
INSERT INTO "answer" VALUES(9,'Oil',3,0);
INSERT INTO "answer" VALUES(10,'145 km/h',4,1);
INSERT INTO "answer" VALUES(11,'220 km/h',4,0);
INSERT INTO "answer" VALUES(12,'122 km/h',4,0);
INSERT INTO "answer" VALUES(13,'Wood',5,1);
INSERT INTO "answer" VALUES(14,'Metal',5,0);
INSERT INTO "answer" VALUES(15,'Titanium',5,0);
INSERT INTO "answer" VALUES(16,'For the International Railway',6,1);
INSERT INTO "answer" VALUES(17,'For high speed trains',6,0);
INSERT INTO "answer" VALUES(18,'For road cars',6,0);
INSERT INTO "answer" VALUES(19,'1960''s',7,1);
INSERT INTO "answer" VALUES(20,'2000''s',7,0);
INSERT INTO "answer" VALUES(21,'1900''s',7,0);
INSERT INTO "answer" VALUES(22,'4-8-4',8,1);
INSERT INTO "answer" VALUES(23,'6,6,6',8,0);
INSERT INTO "answer" VALUES(24,'4-2-5',8,0);
INSERT INTO "answer" VALUES(25,'1928',9,1);
INSERT INTO "answer" VALUES(26,'1900',9,0);
INSERT INTO "answer" VALUES(27,'1870',9,0);
INSERT INTO "answer" VALUES(28,'660,080 pounds',10,1);
INSERT INTO "answer" VALUES(29,'328,784 pounds',10,0);
INSERT INTO "answer" VALUES(30,'60,000 pounds',10,0);
INSERT INTO "answer" VALUES(31,'National Research Council of Canada',11,1);
INSERT INTO "answer" VALUES(32,'airtunneler.com',11,0);
INSERT INTO "answer" VALUES(33,'United Statres Wind Tunnels',11,0);
DROP TABLE IF EXISTS "question";
CREATE TABLE "question" ("id" INTEGER PRIMARY KEY  NOT NULL ,"train_id" INTEGER , "textStringId" TEXT DEFAULT (null) ,"questionType_id" INTEGER, FOREIGN KEY("train_id") REFERENCES 
train("id") , FOREIGN KEY("questionType_id") REFERENCES questionType("id"));
INSERT INTO "question" VALUES(1,1,'A typical caboose was made of?',1);
INSERT INTO "question" VALUES(2,1,'The caboose was used well into the:',1);
INSERT INTO "question" VALUES(3,1,'A caboose could also be called a:',2);
INSERT INTO "question" VALUES(4,1,'The raised section of the caboose was used for:',1);
INSERT INTO "question" VALUES(5,2,'A typical caboose was made of? ',1);
INSERT INTO "question" VALUES(6,2,'The cabooses were made to be used on?',2);
INSERT INTO "question" VALUES(7,2,'The caboose was used well into the? ',1);
INSERT INTO "question" VALUES(8,3,'The wheel arrangement on the cn 6400 or “Northern” was? ',1);
INSERT INTO "question" VALUES(9,3,'The Northern was built in? ',1);
INSERT INTO "question" VALUES(10,3,'The total weight of the Northern was? ',1);
INSERT INTO "question" VALUES(12,3,'Where was the wind tunnel research for the Northern  was done?',1);
INSERT INTO "question" VALUES(13,4,'',1);
INSERT INTO "question" VALUES(14,4,'',2);
DROP TABLE IF EXISTS "questionType";
CREATE TABLE "questionType" ("id" INTEGER PRIMARY KEY  AUTOINCREMENT  NOT NULL , "type" TEXT);
INSERT INTO "questionType" VALUES(1,'multipleChoice
multipleChoice');
INSERT INTO "questionType" VALUES(2,'dragAndDrop');
DROP TABLE IF EXISTS "train";
CREATE TABLE "train" ("id" INTEGER PRIMARY KEY  NOT NULL ,"nameStringId" TEXT DEFAULT (null) ,"iconUrl" TEXT,"imageUrl" TEXT,"trainPart_id" INTEGER , FOREIGN KEY("trainPart_id") REFERENCES trainPart

("id"));
INSERT INTO "train" VALUES(1,'CN Caboose',NULL,NULL,NULL);
INSERT INTO "train" VALUES(2,'CP 2858',NULL,NULL,NULL);
INSERT INTO "train" VALUES(3,'CP 926',NULL,NULL,NULL);
INSERT INTO "train" VALUES(4,'Business Car',NULL,NULL,NULL);
INSERT INTO "train" VALUES(5,'CN 6400',NULL,NULL,NULL);
INSERT INTO "train" VALUES(6,'CP3100',NULL,NULL,NULL);
DROP TABLE IF EXISTS "trainInfo";
CREATE TABLE "trainInfo" ("id" INTEGER PRIMARY KEY  NOT NULL ,"train_id" INTEGER , "textStringId" TEXT DEFAULT (null) ,"imageUrl" TEXT,"xPosition" FLOAT,"yPosition" FLOAT , FOREIGN KEY("train_id") 

REFERENCES train("id"));
INSERT INTO "trainInfo" VALUES(1,1,'A Caboose was the last car in a freight train.','fsdsfsdfds',0.849,0.634);
INSERT INTO "trainInfo" VALUES(2,1,'The Caboose was used as a mobile living quarters for the train''s crew.','fdsfsfdsfds',0.242,0.42);
INSERT INTO "trainInfo" VALUES(3,1,'Wooden cabooses were used well into the 1960’s but were later replaced by steel ones.','dsfdsfdsfsfds',0.424,0.572);
INSERT INTO "trainInfo" VALUES(4,1,'The Caboose was often called the “crummy”.','sssss',0.666,0.42);
INSERT INTO "trainInfo" VALUES(5,1,'The raised section of the caboose is called a cupola and was used to inspect the train.','ssssdfsdfefe',0.636,0.181);
DROP TABLE IF EXISTS "trainPart";
CREATE TABLE "trainPart" ("id" INTEGER PRIMARY KEY  AUTOINCREMENT  NOT NULL , "trainPartType" TEXT , "imageUrl" TEXT, "won" BOOL);
INSERT INTO "trainPart" VALUES(1,'CAR',NULL,1);
INSERT INTO "trainPart" VALUES(2,'CAR',NULL,0);
INSERT INTO "trainPart" VALUES(3,'CAR',NULL,0);
INSERT INTO "trainPart" VALUES(4,'CAR',NULL,0);
INSERT INTO "trainPart" VALUES(5,'CAR',NULL,0);
INSERT INTO "trainPart" VALUES(6,'CAR',NULL,0);
INSERT INTO "trainPart" VALUES(7,'CAR',NULL,0);
INSERT INTO "trainPart" VALUES(8,'CAR',NULL,1);
INSERT INTO "trainPart" VALUES(9,'CAR',NULL,0);
INSERT INTO "trainPart" VALUES(10,'CAR',NULL,0);
INSERT INTO "trainPart" VALUES(11,'CAR',NULL,1);
INSERT INTO "trainPart" VALUES(12,'CAR',NULL,0);
INSERT INTO "trainPart" VALUES(13,'CAR',NULL,'1
1');
INSERT INTO "trainPart" VALUES(14,'ENGINE',NULL,0);
INSERT INTO "trainPart" VALUES(15,'ENGINE',NULL,0);
INSERT INTO "trainPart" VALUES(16,'ENGINE',NULL,0);
INSERT INTO "trainPart" VALUES(17,'ENGINE',NULL,1);
INSERT INTO "trainPart" VALUES(18,'ENGINE',NULL,1);
